From which background were you from? ,2.  Did you change your educational background in the University? ," If yes, do you think that you face difficulty to cope up with your subject for changing your background?",How is your performance in the 1st semester examination?,Are you satisfied with your performance in the examination? , Do you have access to all the educational resources in the University? ,Do you think that the University provides you with adequate educational facilities? , Do you visit library regularly?, Do you think that library facilities are enough for your educational improvement? , Are all kinds of books related to your courses available in the library? , Are the facilities provided by the University accessible to you? ,Does your institution provide you all kinds of educational facilities? , Do you feel comfortable to ask any question in the classroom?,Are there enough teacher in your department?, Do your teachers encourage you to perform better? , Do your teachers appreciate you for your achievement or your class performance?,Do you think your teachers are impartial or follow fair rules? , Do your teachers help you in understanding ways to improve your grades?, Do your teachers guide you in setting personal targets and developing strategies to achieve the target? ,Do you think your teachers are accessible to questions and answers?,Do you think that your classmates are supportive? ,Do your classmates help you in your study? , Do you think that your classmates will mock you in the classroom if you ask any question? ,Do you feel comfortable to share your educational difficulties with your classmates? ,Do you face any problem in understanding your courses?  ,Do you face any problem in coping up with the course syllabus?,How much time do you spend for your study? ,Where do you live?,Do you have a supportive environment for your study? ,Do you have any financial problem? ,Does your family bear your educational expenses? ,Are you involved in any private teaching or part time jobs to bear your expenses? ,Do you think that your part time job hampers your study?,Are you involved in any extra curriculum activities or University club? ,"If yes, do you think this extra activities hamper your study time? 
",How will you evaluate the overall academic experience you had 1 year in the University? ,"Given a chance, which is one change that you like to see?","Given a chance, which is one change that you like to see? [Feedback]"
Science,No,,Good,It could be better,It is not enough,No,Sometimes,No,No,Not always,It is not enough,No,No,Yes,Sometimes,Not always,Yes,"In most situations, they guide me to set targets",They are not always accessible,"Yes, they are supportive",Yes.,"No, I don't think so",Yes,"Yes, I face difficulties",No,Not definite,Own residence,Yes,No.,No,Yes,Yes,Yes.,No,Not satisfied,Other activities,
Science,No,"Yes, I face many problems.",Not so good or bad,It could be better,No,It is not adequate,Sometimes,The facilities should be increased,No,No,It is not enough,Yes,No,Yes,"Yes, they appreciate",No,Yes,"In most situations, they guide me to set targets",They are not always accessible,"Yes, they are supportive",Yes.,"No, I don't think so",Yes,Sometimes I face difficulties,Sometimes,Not definite,University hall,Yes,No.,Yes,Yes,No,Yes.,No,Not satisfied,Other activities,
Science,No,,Not so good or bad,It could be better,It is not enough,It is not adequate,Sometimes,The facilities should be increased,No,Not always,It is not enough,No,No,Not all time,Not at all,Yes,Not always,"In most situations, they guide me to set targets","Yes, They are very accessible","No, they are not at all supportive",Not always,May be,Not always,"Yes, I face difficulties",Yes,Not definite,University hall,Yes,Yes.,Yes,Yes,Yes,Yes.,No,Not satisfied,Teaching method,
Science,No,"No, I didn't face any problem",Not so good or bad,It could be better,It is not enough,It is not adequate,Sometimes,The facilities should be increased,No,Not always,It is not enough,Yes,No,Yes,"Yes, they appreciate",Yes,Yes,"In most situations, they guide me to set targets","Yes, They are very accessible","Yes, they are supportive",Yes.,"No, I don't think so",Yes,Sometimes I face difficulties,Sometimes,Not definite,Other,Yes,No.,Yes,No,No,No.,No,Neutral,Other activities,
Science,No,"No, I didn't face any problem",Good,It could be better,Yes,Yes,No,The facilities should be increased,No,Not always,It is not enough,Not all the time,No,Yes,"Yes, they appreciate",Yes,Yes,"Yes, They always guide me","Yes, They are very accessible","Yes, they are supportive",Yes.,"No, I don't think so",Yes,"Yes, I face difficulties",Yes,Not definite,University hall,No,Yes.,Yes,No,No,No.,No,Neutral,Other activities,
Business studies,No,,Not so good or bad,Not satisfied,It is not enough,No,Sometimes,No,Yes,Not always,No,No,Yes,No,Not at all,No,Yes,"No, they never guide me to set targets","No, they are not accessible","Yes, they are supportive",Yes.,"No, I don't think so",Yes,"Yes, I face difficulties",Yes,Not definite,Own residence,No,Yes.,No,Yes,Yes,No.,,Not satisfied,Course Syllabus,
Science,No,"No, I didn't face any problem",Not so good or bad,It could be better,Yes,Yes,Yes,The facilities should be increased,No,Not always,It is not enough,No,No,Yes,Sometimes,Not always,Yes,"Yes, They always guide me","Yes, They are very accessible","Yes, they are supportive",Yes.,"No, I don't think so",Not always,Sometimes I face difficulties,Yes,Not definite,Own residence,Yes,No.,Yes,No,No,Yes.,Sometimes,Satisfied,Course Syllabus,
Science,Yes,"No, I didn't face any problem",Very good,Satisfied,It is not enough,It is not adequate,Yes,The facilities should be increased,No,Not always,It is not enough,Yes,No,Yes,"Yes, they appreciate",Yes,Yes,"In most situations, they guide me to set targets","Yes, They are very accessible",Sometimes they are supportive,Not always,May be,Yes,Sometimes I face difficulties,No,Not definite,University hall,Yes,Yes.,No,Yes,No,Yes.,No,Satisfied,Other activities,
Science,No,,Good,Satisfied,Yes,It is not adequate,Sometimes,The facilities should be increased,No,Not always,It is not enough,Not all the time,No,Yes,"Yes, they appreciate",Yes,Yes,"Yes, They always guide me","Yes, They are very accessible","Yes, they are supportive",Yes.,"No, I don't think so",Yes,Sometimes I face difficulties,Sometimes,Not definite,Own residence,Yes,No.,Yes,No,,Yes.,No,Satisfied,Other activities,
Science,No,"Sometimes, I face some problems.",Very good,Satisfied,It is not enough,It is not adequate,Sometimes,No,No,Not always,It is not enough,Not all the time,No,Yes,"Yes, they appreciate",Yes,Yes,"Yes, They always guide me","Yes, They are very accessible","Yes, they are supportive",Yes.,"Yes, I think so",Yes,"Yes, I face difficulties",Yes,2 to 5 hours,Other,No,Yes.,Yes,No,No,No.,No,Not satisfied,Teaching method,
Science,No,,Not so good or bad,It could be better,No,It is not adequate,Sometimes,The facilities should be increased,No,Not always,It is not enough,Not all the time,No,Yes,Sometimes,Not always,Yes,"In most situations, they guide me to set targets",They are not always accessible,"Yes, they are supportive",Yes.,"No, I don't think so",Yes,"Yes, I face difficulties",Sometimes,Not definite,University hall,Yes,No.,Yes,Yes,No,No.,,Neutral,Teaching method,
Science,No,,Not so good or bad,Not satisfied,It is not enough,It is not adequate,Sometimes,The facilities should be increased,No,Yes.,It is not enough,Not all the time,No,Not all time,"Yes, they appreciate",Yes,Not always,"In most situations, they guide me to set targets","Yes, They are very accessible",Sometimes they are supportive,Not always,May be,Not always,Sometimes I face difficulties,Sometimes,Not definite,Other,Yes,No.,Yes,Yes,No,Yes.,Sometimes,Not satisfied,Other activities,
Huminaties,Yes,"Sometimes, I face some problems.",Not so good or bad,It could be better,No,It is not adequate,Sometimes,The facilities should be increased,No,Not always,It is not enough,Not all the time,Yes,Yes,"Yes, they appreciate",Yes,Yes,"Yes, They always guide me","Yes, They are very accessible",Sometimes they are supportive,Not always,"Yes, I think so",Not always,"Yes, I face difficulties",Sometimes,Not definite,Own residence,No,No.,Yes,No,Yes,Yes.,Sometimes,Not satisfied,Teaching method,
Science,No,,Not so good or bad,It could be better,It is not enough,It is not adequate,Sometimes,The facilities should be increased,Yes,Not always,Yes,Yes,No,Yes,"Yes, they appreciate",No,Yes,"In most situations, they guide me to set targets",They are not always accessible,"Yes, they are supportive",Yes.,"No, I don't think so",Yes,"Yes, I face difficulties",Yes,5 to 8 hours,Other,Yes,No.,Yes,Yes,No,Yes.,No,Neutral,Teaching method,
Science,Yes,"Yes, I face many problems.",Not so good or bad,Not satisfied,It is not enough,It is not adequate,Yes,No,No,Yes.,It is not enough,Not all the time,No,No,"Yes, they appreciate",No,Not always,"No, they never guide me to set targets","No, they are not accessible",Sometimes they are supportive,Not always,"No, I don't think so",Yes,"Yes, I face difficulties",Sometimes,Not definite,Own residence,Yes,Yes.,Yes,Yes,Yes,No.,No,Satisfied,Teaching method,
Science,No,,Good,It could be better,It is not enough,It is not adequate,Sometimes,The facilities should be increased,No,Not always,It is not enough,Yes,No,Yes,"Yes, they appreciate",Yes,Yes,"In most situations, they guide me to set targets","Yes, They are very accessible","Yes, they are supportive",Yes.,May be,Yes,"Yes, I face difficulties",Yes,2 to 5 hours,Other,Yes,Yes.,Yes,No,,No.,,Not satisfied,Teaching method,
Science,No,"No, I didn't face any problem",Good,It could be better,Yes,No,Sometimes,No,No,Yes.,No,Yes,No,Yes,Not at all,Not always,Not always,"In most situations, they guide me to set targets",They are not always accessible,"Yes, they are supportive",Yes.,"No, I don't think so",Yes,Sometimes I face difficulties,Sometimes,Not definite,Other,Yes,No.,Yes,Yes,No,Yes.,No,Satisfied,Teaching method,
Huminaties,No,,Not so good or bad,It could be better,It is not enough,It is not adequate,Sometimes,The facilities should be increased,No,Not always,No,Yes,No,Yes,Not at all,Yes,Yes,"No, they never guide me to set targets","Yes, They are very accessible",Sometimes they are supportive,Not always,,Not always,Sometimes I face difficulties,Sometimes,2 to 5 hours,Other,Yes,No.,Yes,No,No,Yes.,No,Neutral,Other activities,
Science,No,"No, I didn't face any problem",Not so good or bad,Not satisfied,It is not enough,It is not adequate,Yes,The facilities should be increased,No,Not always,It is not enough,Not all the time,Yes,Not all time,Sometimes,Not always,Not always,"No, they never guide me to set targets",They are not always accessible,Sometimes they are supportive,Not always,May be,Not always,Sometimes I face difficulties,Sometimes,Not definite,Own residence,Yes,No.,No,Yes,Yes,Yes.,Sometimes,Neutral,Teaching method,
Huminaties,No,,Good,It could be better,Yes,No,Sometimes,The facilities should be increased,No,Not always,It is not enough,Yes,No,Yes,"Yes, they appreciate",Yes,Yes,"In most situations, they guide me to set targets","Yes, They are very accessible","Yes, they are supportive",Yes.,"Yes, I think so",Yes,"Yes, I face difficulties",Sometimes,2 to 5 hours,University hall,Yes,Yes.,No,Yes,No,Yes.,No,Satisfied,Other activities,
Business studies,No,,Not so good or bad,Not satisfied,It is not enough,Yes,No,Yes,Yes,Not always,It is not enough,Yes,No,Not all time,Sometimes,No,Yes,"In most situations, they guide me to set targets","Yes, They are very accessible","Yes, they are supportive",Yes.,May be,Not always,Sometimes I face difficulties,Sometimes,Not definite,University hall,Yes,Yes.,No,Yes,Yes,No.,,Neutral,Teaching method,
Science,Yes,"Yes, I face many problems.",Not so good or bad,Not satisfied,No,No,Yes,No,No,No,No,Yes,No,Not all time,Not at all,No,No,"No, they never guide me to set targets","No, they are not accessible","No, they are not at all supportive",No,"No, I don't think so",No,"Yes, I face difficulties",Yes,Not definite,University hall,No,Yes.,No,Yes,Yes,Yes.,No,Not satisfied,Teaching method,
Huminaties,Yes,"Sometimes, I face some problems.",Very good,Satisfied,No,No,Sometimes,The facilities should be increased,,No,No,Not all the time,No,No,Not at all,Yes,No,"No, they never guide me to set targets",They are not always accessible,Sometimes they are supportive,No,"No, I don't think so",Yes,Sometimes I face difficulties,Sometimes,2 to 5 hours,University hall,No,No.,Yes,Yes,No,No.,,Not satisfied,Teaching method,
Science,No,"No, I didn't face any problem",Not so good or bad,Not satisfied,Yes,Yes,Sometimes,Yes,Yes,Yes.,Yes,Not all the time,No,Yes,"Yes, they appreciate",Yes,Yes,"In most situations, they guide me to set targets","Yes, They are very accessible","Yes, they are supportive",Yes.,"No, I don't think so",Yes,Sometimes I face difficulties,Sometimes,Not definite,Other,Yes,No.,Yes,No,No,Yes.,No,Neutral,Course Syllabus,
Huminaties,No,"No, I didn't face any problem",Not so good or bad,It could be better,Yes,It is not adequate,Sometimes,The facilities should be increased,No,Not always,It is not enough,Not all the time,Yes,Yes,Sometimes,Yes,Yes,"In most situations, they guide me to set targets","Yes, They are very accessible",Sometimes they are supportive,Not always,May be,No,"Yes, I face difficulties",Sometimes,Not definite,Other,Yes,Yes.,Yes,No,No,No.,No,Neutral,Teaching method,
Huminaties,No,"Sometimes, I face some problems.",Not so good or bad,Not satisfied,No,It is not adequate,Sometimes,No,No,Not always,It is not enough,Not all the time,No,No,Not at all,Not always,No,"No, they never guide me to set targets",They are not always accessible,Sometimes they are supportive,No,"No, I don't think so",Not always,"No, I don't face any kind of problems",Sometimes,Not definite,University hall,Yes,Yes.,Yes,Yes,No,No.,No,Not satisfied,Teaching method,
Science,Yes,"No, I didn't face any problem",Good,Not satisfied,No,Yes,Yes,Yes,Yes,No,Yes,Yes,Yes,No,"Yes, they appreciate",No,No,"In most situations, they guide me to set targets",They are not always accessible,"No, they are not at all supportive",No,"Yes, I think so",Yes,"Yes, I face difficulties",Yes,2 to 5 hours,University hall,Yes,Yes.,Yes,No,Yes,Yes.,Yes,Satisfied,Other activities,
Business studies,No,,Not so good or bad,It could be better,No,It is not adequate,Sometimes,The facilities should be increased,No,Yes.,It is not enough,Not all the time,Yes,Yes,"Yes, they appreciate",Not always,Yes,"In most situations, they guide me to set targets",They are not always accessible,Sometimes they are supportive,Not always,"No, I don't think so",Not always,"Yes, I face difficulties",Yes,Not definite,Other,No,Yes.,Yes,No,No,Yes.,Sometimes,Neutral,Teaching method,
Science,No,,Not so good or bad,Not satisfied,No,It is not adequate,Sometimes,No,No,Not always,It is not enough,Yes,No,Yes,Sometimes,Yes,Yes,"Yes, They always guide me","Yes, They are very accessible","Yes, they are supportive",Yes.,"Yes, I think so",Yes,Sometimes I face difficulties,Sometimes,Not definite,Other,Yes,No.,Yes,Yes,No,Yes.,No,Neutral,Teaching method,
Science,No,,Good,It could be better,It is not enough,It is not adequate,Sometimes,The facilities should be increased,No,Not always,It is not enough,Not all the time,Yes,Yes,Sometimes,Yes,Not always,"In most situations, they guide me to set targets",They are not always accessible,"Yes, they are supportive",Yes.,"No, I don't think so",Not always,Sometimes I face difficulties,Sometimes,Not definite,Own residence,Yes,No.,Yes,No,,No.,,Not satisfied,Teaching method,
Science,No,"No, I didn't face any problem",Good,It could be better,Yes,Yes,Sometimes,Yes,Yes,Yes.,Yes,Not all the time,Yes,Yes,"Yes, they appreciate",Yes,Yes,"In most situations, they guide me to set targets","Yes, They are very accessible","Yes, they are supportive",Yes.,"Yes, I think so",Yes,Sometimes I face difficulties,Sometimes,Not definite,Other,Yes,Yes.,Yes,No,Yes,Yes.,Sometimes,Neutral,Teaching method,
Science,No,,Not so good or bad,It could be better,It is not enough,It is not adequate,Sometimes,The facilities should be increased,Yes,Yes.,It is not enough,Yes,Yes,Yes,"Yes, they appreciate",Yes,Not always,"In most situations, they guide me to set targets",They are not always accessible,Sometimes they are supportive,Not always,"No, I don't think so",Not always,Sometimes I face difficulties,Sometimes,Not definite,Other,Yes,Yes.,Yes,No,,No.,,Neutral,Other activities,
Science,No,,Not so good or bad,It could be better,It is not enough,It is not adequate,Sometimes,The facilities should be increased,No,Not always,It is not enough,Not all the time,Yes,Not all time,Sometimes,Not always,Not always,"No, they never guide me to set targets",They are not always accessible,Sometimes they are supportive,Not always,May be,Not always,Sometimes I face difficulties,Sometimes,Not definite,Other,Yes,No.,Yes,No,,Yes.,No,Not satisfied,Other activities,
Science,No,,Good,Satisfied,Yes,Yes,Yes,The facilities should be increased,Yes,Yes.,Yes,Yes,Yes,Yes,"Yes, they appreciate",Yes,Yes,"In most situations, they guide me to set targets","Yes, They are very accessible","Yes, they are supportive",Yes.,"No, I don't think so",Yes,Sometimes I face difficulties,Sometimes,Not definite,Other,Yes,No.,Yes,No,,No.,,Neutral,Other activities,
Science,No,,Good,It could be better,Yes,It is not adequate,Sometimes,The facilities should be increased,No,Yes.,It is not enough,Not all the time,Yes,Yes,Sometimes,Yes,Yes,"In most situations, they guide me to set targets","Yes, They are very accessible","Yes, they are supportive",Not always,"No, I don't think so",Not always,Sometimes I face difficulties,Sometimes,2 to 5 hours,University hall,Yes,No.,Yes,No,,Yes.,Sometimes,Neutral,Other activities,
Science,No,"Sometimes, I face some problems.",Good,It could be better,It is not enough,Yes,Sometimes,The facilities should be increased,Yes,Yes.,Yes,Yes,Yes,Yes,"Yes, they appreciate",Yes,Yes,"In most situations, they guide me to set targets","Yes, They are very accessible","Yes, they are supportive",Yes.,"No, I don't think so",Not always,Sometimes I face difficulties,Sometimes,Not definite,Other,Yes,No.,Yes,No,No,Yes.,No,Neutral,Other activities,
Science,No,,Good,It could be better,It is not enough,It is not adequate,Sometimes,The facilities should be increased,No,Yes.,Yes,Yes,Yes,Yes,"Yes, they appreciate",Yes,Yes,"In most situations, they guide me to set targets","Yes, They are very accessible","Yes, they are supportive",Yes.,"No, I don't think so",Yes,"Yes, I face difficulties",Yes,Not definite,Other,Yes,No.,Yes,No,,Yes.,No,Not satisfied,Teaching method,
Science,No,,Good,Satisfied,Yes,Yes,Yes,The facilities should be increased,Yes,Yes.,Yes,Yes,Yes,Yes,"Yes, they appreciate",Yes,Yes,"In most situations, they guide me to set targets","Yes, They are very accessible","Yes, they are supportive",Yes.,"No, I don't think so",Yes,Sometimes I face difficulties,Sometimes,2 to 5 hours,Own residence,Yes,No.,Yes,No,No,Yes.,No,Satisfied,Teaching method,
Science,No,,Very good,It could be better,Yes,Yes,Sometimes,The facilities should be increased,Yes,Not always,It is not enough,Not all the time,Yes,Yes,"Yes, they appreciate",Yes,Not always,"In most situations, they guide me to set targets","Yes, They are very accessible","No, they are not at all supportive",Yes.,"No, I don't think so",Yes,"Yes, I face difficulties",Sometimes,Not definite,Other,Yes,No.,Yes,No,,No.,No,Not satisfied,Teaching method,
Science,No,,Good,It could be better,Yes,It is not adequate,No,The facilities should be increased,No,Yes.,It is not enough,Yes,Yes,Yes,"Yes, they appreciate",Not always,Yes,"In most situations, they guide me to set targets","Yes, They are very accessible",Sometimes they are supportive,Not always,May be,Not always,Sometimes I face difficulties,Yes,Not definite,Other,No,No.,Yes,No,No,Yes.,Sometimes,Neutral,Other activities,
Science,No,,Not so good or bad,It could be better,No,It is not adequate,Sometimes,The facilities should be increased,No,Not always,It is not enough,Yes,Yes,Yes,Sometimes,Not always,Not always,"In most situations, they guide me to set targets",They are not always accessible,Sometimes they are supportive,Not always,"No, I don't think so",Not always,Sometimes I face difficulties,Sometimes,Not definite,Other,Yes,Yes.,Yes,No,,No.,,Not satisfied,Course Syllabus,
Science,No,,Good,It could be better,Yes,It is not adequate,Sometimes,The facilities should be increased,Yes,Yes.,It is not enough,Not all the time,Yes,Yes,"Yes, they appreciate",Not always,Not always,"Yes, They always guide me",They are not always accessible,Sometimes they are supportive,Not always,May be,Not always,Sometimes I face difficulties,Yes,Not definite,Other,Yes,No.,Yes,Yes,Yes,Yes.,Sometimes,Neutral,Course Syllabus,
Science,No,,Good,It could be better,Yes,Yes,Sometimes,The facilities should be increased,No,Not always,Yes,Not all the time,Yes,Yes,Sometimes,Yes,Yes,"In most situations, they guide me to set targets","Yes, They are very accessible","Yes, they are supportive",Not always,"No, I don't think so",Yes,Sometimes I face difficulties,Sometimes,Not definite,Other,No,No.,Yes,No,,Yes.,Sometimes,Neutral,Teaching method,
Science,No,,Not so good or bad,It could be better,,No,Sometimes,The facilities should be increased,Yes,,,Not all the time,Yes,Yes,,Not always,Not always,,,Sometimes they are supportive,Not always,"No, I don't think so",No,"Yes, I face difficulties",Yes,2 to 5 hours,University hall,Yes,No.,Yes,No,,No.,,Neutral,Teaching method,
Science,No,,Good,It could be better,Yes,Yes,Sometimes,The facilities should be increased,Yes,Yes.,Yes,Yes,Yes,Yes,"Yes, they appreciate",Not always,Yes,"In most situations, they guide me to set targets",They are not always accessible,"Yes, they are supportive",Not always,May be,Yes,Sometimes I face difficulties,No,Not definite,Other,Yes,No.,Yes,No,No,Yes.,Sometimes,Neutral,Other activities,
Science,No,,Not so good or bad,It could be better,Yes,Yes,No,The facilities should be increased,No,Yes.,Yes,Yes,Yes,Yes,"Yes, they appreciate",Yes,Yes,"Yes, They always guide me",,"Yes, they are supportive",Yes.,"No, I don't think so",Yes,Sometimes I face difficulties,Yes,Not definite,Other,No,No.,Yes,No,No,Yes.,Sometimes,Neutral,Teaching method,
Business studies,Yes,"Yes, I face many problems.",Not so good or bad,Not satisfied,It is not enough,No,Sometimes,The facilities should be increased,No,Not always,It is not enough,Not all the time,Yes,Yes,Not at all,Not always,Yes,"In most situations, they guide me to set targets",They are not always accessible,"No, they are not at all supportive",Yes.,May be,Yes,"Yes, I face difficulties",Yes,Not definite,Own residence,Yes,No.,Yes,Yes,Yes,Yes.,No,Neutral,Teaching method,
Huminaties,No,"No, I didn't face any problem",Good,Satisfied,It is not enough,It is not adequate,Sometimes,The facilities should be increased,No,Yes.,It is not enough,,Yes,,Not at all,No,,"No, they never guide me to set targets","Yes, They are very accessible","Yes, they are supportive",Yes.,,Yes,Sometimes I face difficulties,Sometimes,Not definite,University hall,Yes,No.,Yes,No,,No.,,Neutral,Teaching method,
Business studies,No,,Not so good or bad,Not satisfied,It is not enough,No,Sometimes,The facilities should be increased,No,Yes.,It is not enough,No,Yes,No,Not at all,No,No,"No, they never guide me to set targets","No, they are not accessible","Yes, they are supportive",Yes.,"No, I don't think so",Yes,"Yes, I face difficulties",Yes,Not definite,Other,No,Yes.,No,Yes,Yes,No.,,Not satisfied,Course Syllabus,
Business studies,No,"Sometimes, I face some problems.",Not so good or bad,Not satisfied,It is not enough,It is not adequate,Sometimes,The facilities should be increased,No,Yes.,Yes,No,Yes,Yes,"Yes, they appreciate",Not always,Yes,"No, they never guide me to set targets",They are not always accessible,"Yes, they are supportive",Yes.,"Yes, I think so",Yes,"Yes, I face difficulties",Yes,Not definite,Other,Yes,Yes.,Yes,No,Yes,Yes.,Sometimes,Neutral,Course Syllabus,
